<?xml version="1.0" encoding="UTF-8"?>
<project-private xmlns="http://www.netbeans.org/ns/project-private/1">
    <data xmlns="http://www.netbeans.org/ns/make-project-private/1">
        <activeConfTypeElem>1</activeConfTypeElem>
        <activeConfIndexElem>0</activeConfIndexElem>
    </data>
    <editor-bookmarks xmlns="http://www.netbeans.org/ns/editor-bookmarks/2" lastBookmarkId="0"/>
    <open-files xmlns="http://www.netbeans.org/ns/projectui-open-files/2">
        <group>
            <file>file:/C:/Users/oscar/Documents/Projects/estg/fp/Aula-5/7-Arrays-Matrizes/Arrays-Matrizes/main.c</file>
        </group>
        <group name="fp">
            <file>file:/C:/Users/oscar/Documents/Projects/estg/fp/Aula-5/7-Arrays-Matrizes/Arrays-Matrizes/main.c</file>
        </group>
        <group name="7-Arrays-Matrizes">
            <file>file:/C:/Users/oscar/Documents/Projects/estg/fp/Aula-5/7-Arrays-Matrizes/Arrays-Matrizes/main.c</file>
        </group>
    </open-files>
</project-private>
