<?xml version="1.0" encoding="UTF-8"?>
<project-private xmlns="http://www.netbeans.org/ns/project-private/1">
    <data xmlns="http://www.netbeans.org/ns/make-project-private/1">
        <activeConfTypeElem>1</activeConfTypeElem>
        <activeConfIndexElem>0</activeConfIndexElem>
    </data>
    <editor-bookmarks xmlns="http://www.netbeans.org/ns/editor-bookmarks/2" lastBookmarkId="0"/>
    <open-files xmlns="http://www.netbeans.org/ns/projectui-open-files/2">
        <group name="fp">
            <file>file:/C:/Users/oscar/Documents/Projects/estg/fp/Aula-7%20-%20avaliacao/Resolucao/main.c</file>
        </group>
        <group name="Tests">
            <file>file:/C:/Users/oscar/Documents/Projects/estg/fp/Aula-7%20-%20avaliacao/teste/Resolucao/main.c</file>
        </group>
        <group>
            <file>file:/C:/Users/oscar/Documents/Projects/estg/fp/Aula-7%20-%20avaliacao/teste/Resolucao/main.c</file>
        </group>
        <group name="Estruturas de Dados">
            <file>file:/C:/Users/oscar/Documents/Projects/ESTG/Fundamentos-de-Programacao/Aulas/07-Revisoes-e-Exercicios/revisoes/resolucao/main.c</file>
        </group>
    </open-files>
</project-private>
